id,spcode,treatment,family,nfixer,init_height,rmf,smf,lmf,whole_leaf_dry_weight,root_dry_weight,stem_dry_weight,totalbiom,above_biom,below_biom,la,ldmc,d13c,amax,gs,wue,sla_cm2_g,CN,Narea_g_m2,Nmass_mg_g,totalleafmass_Nmass,rgr,agr
5,ec,ambientrain,Legume,fixer,17,42.4265645,23.57598978,33.99744572,1.331,1.661,0.923,3.915,1.262974457,0.424265645,0.00424718,0.268041237,-29.52088396,23.42,0.177,12.682,233.36154,10.4750774,2.012139764,46.95560309,62.49790771,0.008326423,0.205882353
6,ec,ambientrain,Legume,fixer,25,47.62889879,26.14576703,26.22533418,1.648,2.993,1.643,6.284,1.905253342,0.476288988,0.00240549,0.326164875,-29.39493394,23.543,0.257,7.296,132.16978,10.83303905,3.479135942,45.98366328,75.78107709,0.006915137,0.235294118
7,ec,ambientrain,Legume,fixer,14,56.00206968,17.10934805,26.88858227,1.559,3.247,0.992,5.798,1.260885823,0.560020697,0.00532261,0.313176321,-28.95119752,21.427,0.21,8.928,108.18313,10.21548814,4.492271147,48.59879539,75.76552201,0.00972563,0.211764706
8,ec,ambientrain,Legume,fixer,16,48.71661913,21.31190044,29.97148043,1.156,1.879,0.822,3.857,1.121714804,0.487166191,0.00197916,0.240112994,-29.91483595,23.673,0.193,11.492,232.84235,9.234631219,2.275543821,52.98429775,61.2498482,0.007589858,0.170588235
9,ec,ambientrain_water_nutrients,Legume,fixer,20.5,50.92480901,26.75914757,22.31604343,1.11,2.533,1.331,4.974,1.554160434,0.50924809,0.00142568,0.391975309,-30.2786471,19.67,0.257,4.574,112.25827,12.3604737,3.50775092,39.37740419,43.70891865,0.008297277,0.247058824
10,ec,ambientrain_water_nutrients,Legume,fixer,21,58.63168383,18.7910993,22.57721687,3.399,8.827,2.829,15.055,3.054772169,0.586316838,0.00900788,0.282157676,-29.10112818,21.95,0.267,5.023,220.78137,10.67142516,2.111539034,46.61884862,158.4574665,0.011747398,0.423529412
11,ec,ambientrain_water_nutrients,Legume,fixer,24,49.08092356,24.36673392,26.55234252,2.369,4.379,2.174,8.922,2.439523425,0.490809236,0.00505577,0.267130089,-29.0963584,20.013,0.267,4.562,187.94684,9.526016473,2.674411946,50.26472746,119.0771394,0.007653971,0.258823529
12,ec,ambientrain_water_nutrients,Legume,fixer,25.5,52.62385638,25.83290178,21.54324184,2.496,6.097,2.993,11.586,3.208432418,0.526238564,0.00525161,0.293444329,-28.80535816,22.553,0.29,4.924,93.11365,11.92166758,4.378251388,40.76749782,101.7556746,0.00996821,0.4
13,ec,ambientrain_water,Legume,fixer,20,51.5054623,23.35464961,25.13988809,1.887,3.866,1.753,7.506,2.004398881,0.515054623,0.00193416,0.382284382,-29.4460249,20.657,0.34,4.58,117.93659,12.74276335,3.230834653,38.10336068,71.9010416,0.007077412,0.194117647
14,ec,ambientrain_water,Legume,fixer,20,52.39739673,25.92641785,21.67618542,1.632,3.945,1.952,7.529,2.168761854,0.523973967,0.00333823,0.392978482,-31.03808581,25.467,0.47,4.502,96.20259,13.95821941,3.515063488,33.81582244,55.18742222,0.010051945,0.317647059
15,ec,ambientrain_water,Legume,fixer,23,53.92343198,25.67200652,20.4045615,1.503,3.972,1.891,7.366,2.095045615,0.53923432,0.00350512,0.362030905,-30.47394266,23.6,0.457,4.346,106.86341,11.33795242,3.963684626,42.35728737,63.66300292,0.00694352,0.217647059
16,ec,ambientrain_water,Legume,fixer,24.5,59.7216537,19.70255151,20.57579479,1.508,4.377,1.444,7.329,1.649757948,0.597216537,0.00331986,0.390572391,-29.71990504,24.313,0.417,4.655,95.39828,11.697412,4.344307041,41.44394015,62.49746175,0.006617965,0.217647059
17,ec,ambientrain_nutrients,Legume,fixer,24.5,59.53995157,21.63841808,18.82163035,2.332,7.377,2.681,12.39,2.869216303,0.595399516,0.00325307,0.372279496,-28.14545799,18.647,0.247,4.408,100.09446,19.83015715,2.369069328,23.71307187,55.2988836,0.009297776,0.347058824
18,ec,ambientrain_nutrients,Legume,fixer,13.5,48.29527179,17.94789321,33.756835,2.099,3.003,1.116,6.218,1.45356835,0.482952718,0.00310978,0.328467153,-29.42725173,23.04,0.35,4.553,138.21244,10.84428151,3.2133783,44.41288698,93.22264977,0.01292485,0.317647059
19,ec,ambientrain_nutrients,Legume,fixer,17,60.7564461,19.15967692,20.08387698,2.586,7.823,2.467,12.876,2.66783877,0.607564461,0.00478453,0.405299313,-29.02130117,20.405,0.33,5.153,115.84818,12.19041635,3.414332738,39.55442473,102.2877424,0.01326588,0.417647059
25,hc,ambientrain,Legume,nonfixer,29,46.56665324,25.17116391,28.26218284,2.807,4.625,2.5,9.932,2.782621828,0.465666532,0.00285499,0.515734266,-29.08371594,7.26,0.23,1.665,96.77932,49.03270003,1.085321195,10.50366494,29.48378749,0.00348548,0.117647059
26,hc,ambientrain,Legume,nonfixer,26,46.41414141,26.26262626,27.32323232,2.705,4.595,2.6,9.9,2.873232323,0.464141414,0.00241721,0.539714868,-28.03085412,8.203,0.107,3.221,91.21547,45.4948806,1.229030314,11.21065798,30.32482984,0.004464584,0.141176471
27,hc,ambientrain,Legume,nonfixer,32,38.90223852,34.55166308,26.54609839,2.099,3.076,2.732,7.907,2.997460984,0.389022385,0.00248648,0.494023904,-30.82157032,5.457,0.06,3.355,100.26129,39.83933132,1.303671048,13.07077414,27.43555492,0.003612059,0.135294118
28,hc,ambientrain,Legume,nonfixer,19,45.01152074,27.83410138,27.15437788,2.357,3.907,2.416,8.68,2.687543779,0.450115207,0.00313212,0.561020036,-28.00732325,5.557,0.07,2.977,101.69221,34.76935964,1.45786567,14.82535786,34.94336848,0.005175897,0.123529412
29,hc,ambientrain_water_nutrients,Legume,nonfixer,24,45.03781802,23.77950951,31.18267247,2.721,3.93,2.075,8.726,2.386826725,0.45037818,0.0033313,0.554733728,-29.25147951,9.64,0.263,2.206,88.83467,40.07176238,1.42586164,12.66659435,34.46580323,0.003923431,0.111764706
30,hc,ambientrain_water_nutrients,Legume,nonfixer,25,51.89528796,22.53403141,25.57068063,2.442,4.956,2.152,9.55,2.407706806,0.51895288,0.00295571,0.518072289,-29.57024412,8.9,0.297,1.926,98.19635,32.53181403,1.61316505,15.84069126,38.68296806,0.004289919,0.129411765
31,hc,ambientrain_water_nutrients,Legume,nonfixer,38,35.43307087,35.30742168,29.25950746,3.493,4.23,4.215,11.938,4.507595075,0.354330709,0.0036494,0.549100968,-27.05490679,6.713,0.233,1.635,91.92443,33.99517322,1.648192701,15.15091799,52.92215654,0.003690089,0.164705882
32,hc,ambientrain_water_nutrients,Legume,nonfixer,32,48.46019314,26.64436165,24.89544521,3.274,6.373,3.504,13.151,3.752954452,0.484601931,0.00445663,0.528994083,-29.95303635,4.017,0.08,2.883,99.70089,31.22726167,1.670033463,16.65038307,54.51335417,0.00291572,0.105882353
33,hc,ambientrain_water,Legume,nonfixer,32,47.80914571,27.29745626,24.89339803,3.386,6.503,3.713,13.602,3.96193398,0.478091457,0.005127,0.47542735,-30.40483597,6.547,0.337,1.352,115.21348,41.07310704,1.090253986,12.56119592,42.53220939,0.004522491,0.176470588
34,hc,ambientrain_water,Legume,nonfixer,28,41.45136778,32.94072948,25.60790274,2.696,4.364,3.468,10.528,3.724079027,0.414513678,0.00271665,0.469945355,-28.67301783,7.363,0.31,1.6,105.29651,40.42054263,1.196078854,12.5942931,33.9542142,0.003898319,0.129411765
35,hc,ambientrain_water,Legume,nonfixer,26,53.05317324,25.37735849,21.56946827,2.515,6.186,2.959,11.66,3.174694683,0.530531732,0.00334359,0.478510029,-29.2921831,7.927,0.34,1.637,100.10749,31.59838893,1.643978866,16.45745897,41.39050931,0.00550114,0.182352941
36,hc,ambientrain_water,Legume,nonfixer,27,40.54054054,32.66542404,26.79403541,2.3,3.48,2.804,8.584,3.071940354,0.405405405,0.00266437,0.513238289,-28.97555843,9.083,0.353,1.875,105.72897,39.74155085,1.230924621,13.01443902,29.93320975,0.004326174,0.141176471
37,hc,ambientrain_nutrients,Legume,nonfixer,28,33.91129983,35.16159472,30.92710545,2.622,2.875,2.981,8.478,3.290271054,0.339112998,0.0025982,0.489361702,-30.06244178,7.027,0.207,1.909,102.69565,27.1428732,1.839819422,18.89414554,49.54044961,0.005840434,0.211764706
38,hc,ambientrain_nutrients,Legume,nonfixer,31,54.58319818,24.04800519,21.36879663,3.294,8.414,3.707,15.415,3.920687966,0.545831982,0.00475141,0.524891775,-28.69758736,7.707,0.243,1.908,97.96722,29.20260054,1.802935932,17.66286148,58.18146572,0.004384415,0.164705882
39,hc,ambientrain_nutrients,Legume,nonfixer,29,38.41836098,33.84058875,27.74105027,2.224,3.08,2.713,8.017,2.990410503,0.38418361,0.00282922,0.49471831,-28.71261277,9.503,0.243,2.364,100.68399,31.19664052,1.579225134,15.90026809,35.36219623,0.00516902,0.188235294
40,hc,ambientrain_nutrients,Legume,nonfixer,27,42.55763012,29.23750913,28.20486075,2.704,4.08,2.803,9.587,3.085048607,0.425576301,0.00274951,0.547058824,-28.3375106,5.82,0.105,3.404,98.54875,32.14423165,1.617862794,15.94383488,43.11212952,0.002181214,0.064705882
45,sg,ambientrain,nonlegume,nonfixer,9.5,43.63981043,13.44075829,42.91943128,2.264,2.302,0.709,5.275,1.138194313,0.436398104,0.00461617,0.394543547,-29.20989432,3.287,0.05,3.062,122.77048,49.69928818,0.75409826,9.25810044,20.9603394,0.002247709,0.023529412
46,sg,ambientrain,nonlegume,nonfixer,7,37.13228132,9.097993376,53.76972531,2.76,1.906,0.467,5.133,1.004697253,0.371322813,0.0039184,0.45035461,-29.42192067,3.267,0.07,2.67,102.84514,52.24429854,0.842768715,8.66746702,23.92220898,0.002284188,0.017647059
47,sg,ambientrain,nonlegume,nonfixer,8.5,38.89855072,17.56521739,43.53623188,0.751,0.671,0.303,1.725,0.738362319,0.388985507,0.00198826,0.295652174,-30.00182904,2.56,0.067,2.286,194.92745,30.84191907,0.764336113,14.89900902,11.18915577,0.002485989,0.023529412
48,sg,ambientrain,nonlegume,nonfixer,13,40.74006228,13.88532698,45.37461073,2.477,2.224,0.758,5.459,1.211746107,0.407400623,0.00452874,0.413114754,-29.05556161,5.027,0.07,3.968,119.80794,51.09480746,0.742546693,8.8962987,22.03613188,0,0
49,sg,ambientrain_water_nutrients,nonlegume,nonfixer,9,41.1179655,12.89185446,45.99018003,3.653,3.266,1.024,7.943,1.4839018,0.411179655,0.00455177,0.424669604,-29.71993304,3.127,0.09,1.975,94.43506,39.61280701,1.207577974,11.40377011,41.65797221,0.002883794,0.029411765
50,sg,ambientrain_water_nutrients,nonlegume,nonfixer,8,35.67806314,13.10322264,51.21871422,3.131,2.181,0.801,6.113,1.313187142,0.356780631,0.00522997,0.402998236,-29.09833919,3.42,0.157,1.283,114.44136,37.061077,1.078165628,12.33867372,38.63238742,0.005711857,0.058823529
51,sg,ambientrain_water_nutrients,nonlegume,nonfixer,10,37.1657754,15.25549614,47.57872846,3.203,2.502,1.027,6.732,1.502787285,0.371657754,0.00343193,0.399224806,-29.63963116,3.55,0.16,1.282,111.0657,39.63861221,1.030002581,11.43979533,36.64166444,0.003086638,0.035294118
52,sg,ambientrain_water_nutrients,nonlegume,nonfixer,11.5,31.26838235,15.82720588,52.90441176,2.878,1.701,0.861,5.44,1.390044118,0.312683824,0.00387228,0.421497585,-29.67303685,3.47,0.19,1.087,110.95358,39.03584412,1.036659045,11.5021034,33.10305359,0.002314239,0.029411765
53,sg,ambientrain_water,nonlegume,nonfixer,10,38.5460053,14.93752367,46.51647103,2.457,2.036,0.789,5.282,1.25416471,0.385460053,0.00522984,0.394538606,-29.39757834,3.33,0.31,0.736,124.81718,52.94669287,0.698458073,8.71795696,21.42002025,0.002625218,0.029411765
54,sg,ambientrain_water,nonlegume,nonfixer,7.5,36.48733515,13.18819343,50.32447143,2.404,1.743,0.63,4.777,1.133244714,0.364873351,0.00354047,0.436931079,-30.05049368,5.327,0.327,1.133,105.37113,53.71186571,0.797805374,8.40656545,20.20938334,0.003958497,0.035294118
55,sg,ambientrain_water,nonlegume,nonfixer,11,32.44535519,17.37249545,50.18214936,2.204,1.425,0.763,4.392,1.264821494,0.324453552,0.00338721,0.46641791,-29.11799004,5.283,0.293,1.18,90.3256,48.01285634,1.045243259,9.44122245,20.80845428,5.23E-04,0.005882353
57,sg,ambientrain_nutrients,nonlegume,nonfixer,11,37.57477769,13.5974131,48.82780922,3.02,2.324,0.841,6.185,1.329278092,0.375747777,0.0037682,0.417783191,-29.81996337,5.317,0.11,2.76,109.86006,40.0843077,1.045333839,11.48404365,34.68181182,0.001965342,0.023529412
58,sg,ambientrain_nutrients,nonlegume,nonfixer,6.5,35.66909206,9.807023094,54.52388485,3.447,2.255,0.62,6.322,1.165238848,0.356690921,0.00483673,0.427374302,-29.66386174,4.25,0.093,2.56,105.37538,43.64827461,1.002421101,10.56305057,36.41083531,0.005642036,0.047058824
59,sg,ambientrain_nutrients,nonlegume,nonfixer,8.5,41.02159031,10.74249605,48.23591364,3.664,3.116,0.816,7.596,1.298359136,0.410215903,0.00350496,0.43258427,-29.27191968,5.397,0.197,1.825,91.03792,40.37321674,1.237468345,11.26565468,41.27735875,0.004537206,0.047058824
60,sg,ambientrain_nutrients,nonlegume,nonfixer,11,37.28103009,13.66971103,49.04925887,3.276,2.49,0.913,6.679,1.403492589,0.372810301,0.00291498,0.433908046,-29.45471789,4.174,0.068,3.124,96.52252,45.14502844,1.061985957,10.25055571,33.58082051,0.001023663,0.011764706
65,sm,ambientrain,nonlegume,nonfixer,16,42.69845972,25.5035545,31.79798578,2.147,2.883,1.722,6.752,2.039979858,0.426984597,0.00195505,0.487252125,-31.03864229,4.17,0.09,2.811,113.6657,39.64796569,1.023798826,11.63708078,24.98481243,7.13E-04,0.011764706
66,sm,ambientrain,nonlegume,nonfixer,20,36.76038607,30.2839558,32.95565813,2.356,2.628,2.165,7.149,2.494556581,0.367603861,0.00448323,0.520754717,-30.1773513,4.503,0.103,2.724,108.29058,51.191935,0.821440234,8.89542391,20.95761873,0.001385683,0.029411765
67,sm,ambientrain,nonlegume,nonfixer,19.5,35.94998711,25.94740913,38.10260376,2.956,2.789,2.013,7.758,2.394026038,0.359499871,0.00411227,0.476377953,-31.15745383,5.153,0.107,3.086,113.28567,45.98526029,0.90407934,10.24192382,30.27512681,0.001419153,0.029411765
68,sm,ambientrain,nonlegume,nonfixer,23,35.31851852,34.9037037,29.77777778,2.01,2.384,2.356,6.75,2.653777778,0.353185185,0.00347268,0.443462898,-31.42805409,5.543,0.1,3.373,138.35378,50.75183474,0.659066881,9.11843975,18.3280639,9.81E-04,0.023529412
69,sm,ambientrain_water_nutrients,nonlegume,nonfixer,16.5,36.52694611,31.23128743,32.24176647,3.446,3.904,3.338,10.688,3.660417665,0.365269461,0.00663949,0.426443203,-31.60000629,7.353,0.417,1.327,144.96703,42.92101132,0.745480222,10.80700542,37.24094068,0.00311403,0.058823529
70,sm,ambientrain_water_nutrients,nonlegume,nonfixer,12.5,33.82158881,25.81155978,40.36685141,3.059,2.563,1.956,7.578,2.359668514,0.338215888,0.00829421,0.435628743,-30.26292683,7.577,0.487,1.19,142.5122,34.76023473,0.926529559,13.20417652,40.39157597,0.003266256,0.047058824
71,sm,ambientrain_water_nutrients,nonlegume,nonfixer,18,32.88071502,25.93674802,41.18253695,4.792,3.826,3.018,11.636,3.42982537,0.32880715,0.0063429,0.367807154,-29.49137823,5.16,0.438,0.849,134.09937,44.58593997,0.774945855,10.39197476,49.79834305,0.001813537,0.035294118
72,sm,ambientrain_water_nutrients,nonlegume,nonfixer,14,33.48655941,24.21305086,42.30038973,4.233,3.351,2.423,10.007,2.846003897,0.334865594,0.00887304,0.362669817,-31.0958042,7.54,0.617,1.072,144.51205,41.25029292,0.769787294,11.12435416,47.08939116,0.003592725,0.058823529
73,sm,ambientrain_water,nonlegume,nonfixer,14,41.06098037,28.85190482,30.08711481,2.314,3.158,2.219,7.691,2.519871148,0.410609804,0.00371382,0.416289593,-31.31987553,6.487,0.313,1.436,134.5587,52.41354268,0.662613328,8.91603852,20.63171314,0.003278981,0.052941176
74,sm,ambientrain_water,nonlegume,nonfixer,17,37.67751032,34.28341223,28.03907745,2.784,3.741,3.404,9.929,3.684390774,0.376775103,0.00255213,0.458733205,-30.5437369,5.35,0.343,1.125,106.78368,63.65417487,0.674074087,7.1980113,20.03926346,0.001308537,0.023529412
75,sm,ambientrain_water,nonlegume,nonfixer,16,36.71718616,31.96072824,31.3220856,3.286,3.852,3.353,10.491,3.666220856,0.367171862,0.00562645,0.574186992,-29.39396473,7.587,0.323,1.642,99.58319,46.07666406,1.024654761,10.20383855,33.52981348,0.00291572,0.052941176
76,sm,ambientrain_water,nonlegume,nonfixer,20.5,38.74803287,29.54187795,31.71008918,3.627,4.432,3.379,11.438,3.696100892,0.387480329,0.00791947,0.386744355,-30.1405968,3.11,0.297,0.707,149.14256,56.79821521,0.554197334,8.26544098,29.97875443,0.002097038,0.047058824
77,sm,ambientrain_nutrients,nonlegume,nonfixer,7,40.18039687,17.94347565,41.87612748,3.482,3.341,1.492,8.315,1.910761275,0.401803969,0.00664429,0.395348837,-30.65908949,7.253,0.167,2.71,126.07761,43.46313282,0.864946434,10.90503784,37.97134176,0.005840434,0.052941176
79,sm,ambientrain_nutrients,nonlegume,nonfixer,15,33.86593205,23.12213039,43.01193756,2.342,1.844,1.259,5.445,1.689119376,0.33865932,0.00709919,0.324937028,-30.73828173,7.457,0.137,3.164,183.4416,31.89195763,0.775420515,14.22443816,33.31363417,0.0024673,0.041176471
80,sm,ambientrain_nutrients,nonlegume,nonfixer,15.5,44.64828897,23.02281369,32.32889734,3.401,4.697,2.422,10.52,2.745288973,0.44648289,0.01396633,0.412721186,-29.0226466,7.323,0.08,4.704,161.83465,28.18868205,1.047219339,16.94763717,57.63891402,0.001759197,0.029411765
85,pq,ambientrain,nonlegume,nonfixer,9,57.30337079,19.1898285,23.50680071,0.795,1.938,0.649,3.382,0.884068007,0.573033708,0.00315354,0.320987654,-29.33605317,7.907,0.087,5.428,202.15,22.58362303,0.995621305,20.12648468,16.00055532,0.006395476,0.076470588
86,pq,ambientrain,nonlegume,nonfixer,10,57.92674499,20.2073255,21.86592951,1.582,4.191,1.462,7.235,1.680659295,0.57926745,0.00397254,0.289873418,-29.09837198,5.753,0.28,1.189,173.47336,23.94410725,1.119692624,19.42368444,30.72826878,0.006915137,0.094117647
87,pq,ambientrain,nonlegume,nonfixer,8,50.2722323,22.84734826,26.88041944,1.333,2.493,1.133,4.959,1.401804194,0.502722323,0.00358974,0.316558442,-29.43869736,6.31,0.07,4.93,184.08923,27.47377406,0.907080614,16.69837724,22.25893686,0.008867904,0.105882353
88,pq,ambientrain,nonlegume,nonfixer,9.5,57.84313725,18.26625387,23.89060888,1.389,3.363,1.062,5.814,1.300906089,0.578431373,0.00255897,0.382550336,-29.41714485,8.423,0.097,5.309,149.64737,23.32727996,1.317158927,19.71093672,27.3784911,0.004561947,0.052941176
89,pq,ambientrain_water_nutrients,nonlegume,nonfixer,8.5,59.29191156,18.42989085,22.27819759,1.592,4.237,1.317,7.146,1.539781976,0.592919116,0.0057428,0.271497585,-30.07910129,6.583,0.413,1.097,204.37011,22.25545416,1.015064242,20.74487876,33.02584699,0.007441442,0.088235294
90,pq,ambientrain_water_nutrients,nonlegume,nonfixer,10.5,55.08650519,19.46020761,25.4532872,1.839,3.98,1.406,7.225,1.660532872,0.550865052,0.00735935,0.294701987,-29.48443639,4.37,0.23,1.104,206.72331,23.60401241,0.95123787,19.66430454,36.16265605,0.005668683,0.076470588
91,pq,ambientrain_water_nutrients,nonlegume,nonfixer,12,49.53914219,25.58682561,24.8740322,2.024,4.031,2.082,8.137,2.330740322,0.495391422,0.00812469,0.330490405,-28.71757695,7.38,0.31,1.505,174.72452,23.64631555,1.11598807,19.49904756,39.46607226,0.00996821,0.188235294
92,pq,ambientrain_water_nutrients,nonlegume,nonfixer,13,53.58042839,23.06803864,23.35153297,2.224,5.103,2.197,9.524,2.43051533,0.535804284,0.00548788,0.353219697,-29.28898655,7.457,0.413,1.317,147.12815,27.58818471,1.148667667,16.90013489,37.5859,0.005068034,0.082352941
94,pq,ambientrain_water,nonlegume,nonfixer,8,68.45576529,14.89652035,16.64771435,0.732,3.01,0.655,4.397,0.821477144,0.684557653,0.00172765,0.282913165,-29.99999819,7.383,0.313,1.665,171.05446,25.22911708,1.085305661,18.56463689,13.5893142,0.003746514,0.035294118
95,pq,ambientrain_water,nonlegume,nonfixer,9.5,40.79919409,17.05842848,42.14237743,1.255,1.215,0.508,2.978,0.929423774,0.407991941,0.00193497,0.324404762,-29.22949759,6.147,0.277,1.494,177.52018,30.83850338,0.813445808,14.44030491,18.12258266,0.004134093,0.047058824
96,pq,ambientrain_water,nonlegume,nonfixer,12,51.71026157,24.48021462,23.80952381,0.355,0.771,0.365,1.491,0.603095238,0.517102616,0.00161297,0.25304878,-29.64901316,7.413,0.263,2.055,194.33373,22.21090044,1.110696905,21.58458779,7.662528665,0.001385683,0.017647059
97,pq,ambientrain_nutrients,nonlegume,nonfixer,10.5,48.51304203,24.00731018,27.47964778,1.654,2.92,1.445,6.019,1.719796478,0.48513042,0.00501207,0.296928328,-29.84014171,5.38,0.103,2.783,192.03333,23.61396975,1.020912019,19.60491381,32.42652744,0.008154673,0.123529412
98,pq,ambientrain_nutrients,nonlegume,nonfixer,7.5,42.42108914,18.55705862,39.02185224,1.125,1.223,0.535,2.883,0.925218522,0.424210891,0.00559258,0.271714922,-28.6209808,6.02,0.075,4.068,229.2041,19.23347669,1.030498377,23.61944513,26.57187577,0.009275969,0.105882353
99,pq,ambientrain_nutrients,nonlegume,nonfixer,7.5,49.07161804,19.9551112,30.97327076,1.518,2.405,0.978,4.901,1.287732708,0.49071618,0.0055902,0.296228151,-28.11755881,6.575,0.14,2.798,173.6087,19.04398624,1.38160776,23.98591212,36.4106146,0.007755831,0.082352941
100,pq,ambientrain_nutrients,nonlegume,nonfixer,9,49.97396285,23.34664121,26.67939594,1.537,2.879,1.345,5.761,1.611793959,0.499739629,0.0031838,0.300775194,-28.51291803,6.19,0.113,3.02,164.1134,22.37813087,1.195439679,19.61876727,30.15404529,0.008154673,0.105882353
105,gs,ambientrain,Legume,fixer,12.5,63.65425261,16.57313607,19.77261133,2.713,8.734,2.274,13.721,2.471726113,0.636542526,0.00831459,0.288708298,-30.02107136,11.003,0.21,3.006,123.17911,12.64291532,3.144274646,38.7308956,105.0769198,0.004926004,0.076470588
106,gs,ambientrain,Legume,fixer,13,58.38465182,20.32212222,21.29322596,1.798,4.93,1.716,8.444,1.92893226,0.583846518,0.0040991,0.240646259,-28.77400064,12.113,0.24,3.245,144.84452,18.25598877,1.765613921,25.57395062,45.98196321,0.003156047,0.047058824
107,gs,ambientrain,Legume,fixer,20,51.399514,26.93726937,21.66321663,2.407,5.711,2.993,11.111,3.209632166,0.51399514,0.00703572,0.271523179,-28.13491318,6.303,0.15,2.292,143.00244,17.99954654,1.841924192,26.3399652,63.40029624,0.003086638,0.070588235
108,gs,ambientrain,Legume,fixer,19,66.68137688,18.92321271,14.39541041,1.631,7.555,2.144,11.33,2.287954104,0.666813769,0.0050489,0.264822134,-27.6046769,12.837,0.3,2.893,150.71343,20.28979129,1.515144059,22.83525623,37.24430291,6.03E-04,0.011764706
109,gs,ambientrain_water_nutrients,Legume,fixer,17.5,56.81923255,21.28216983,21.89859763,4.263,11.061,4.143,19.467,4.361985976,0.568192325,0.01134191,0.268707483,-27.3125962,15.943,0.483,2.597,159.52053,17.20047528,1.683413015,26.85389439,114.4781518,0.006535598,0.152941176
110,gs,ambientrain_water_nutrients,Legume,fixer,17.5,44.30571762,26.86697783,28.82730455,4.941,7.594,4.605,17.14,4.893273046,0.443057176,0.00995339,0.259945925,-28.46728759,13.343,0.44,2.264,147.89584,15.726963,1.973993433,29.1945416,144.25023,0.007100412,0.170588235
111,gs,ambientrain_water_nutrients,Legume,fixer,16.5,49.3042876,24.78121262,25.91449978,4.116,7.831,3.936,15.883,4.195144998,0.493042876,0.00771056,0.25572306,-27.11504451,11.377,0.41,1.983,168.35284,15.6447153,1.759562309,29.62273091,121.9271604,0.006221696,0.135294118
113,gs,ambientrain_water,Legume,fixer,15.5,58.0119624,24.96154942,17.02648818,2.989,10.184,4.382,17.555,4.552264882,0.580119624,0.0061778,0.257159556,-28.52319972,11.267,0.27,2.877,140.40455,16.63587586,1.968404647,27.63729598,82.60787768,0.00716546,0.152941176
114,gs,ambientrain_water,Legume,fixer,16,61.70522334,18.23075804,20.06401862,2.758,8.482,2.506,13.746,2.706640186,0.617052233,0.00594895,0.269469331,-27.72655872,12.48,0.283,2.907,152.14706,18.81194617,1.611228325,24.51436507,67.61061886,0.004770178,0.094117647
115,gs,ambientrain_water,Legume,fixer,15.5,57.48549323,20.90909091,21.60541586,3.351,8.916,3.243,15.51,3.459054159,0.574854932,0.00818567,0.328545781,-27.41167842,16.447,0.35,3.389,111.82609,20.48746527,2.006908948,22.44247864,75.20474592,0.004384415,0.082352941
117,gs,ambientrain_nutrients,Legume,fixer,12.5,53.56613286,21.01126928,25.42259786,3.429,7.225,2.834,13.488,3.088225979,0.535661329,0.0100953,0.328424153,-27.84814935,8.46,0.07,5.958,150.90135,15.54461245,1.972960588,29.77224069,102.0890133,0.008154673,0.147058824
118,gs,ambientrain_nutrients,Legume,fixer,17.5,75.67227834,11.4657688,12.86195286,2.865,16.856,2.554,22.275,2.682619529,0.756722783,0.00996229,0.268405553,-27.52771884,8.33,0.1,4.462,156.14875,13.50401176,2.218852171,34.64709843,99.263937,0.005737685,0.129411765
119,gs,ambientrain_nutrients,Legume,fixer,13.5,60.1434366,18.98183528,20.87472812,3.551,10.231,3.229,17.011,3.437747281,0.601434366,0.00628784,0.29205298,-26.65897719,10.9,0.09,6.45,142.58141,13.67864137,2.4003433,34.22443223,121.5309588,0.006268289,0.111764706
126,dr,ambientrain,Legume,fixer,11.5,33.1092437,17.91116447,48.97959184,4.08,2.758,1.492,8.33,1.981795918,0.331092437,0.00871681,0.332619175,-28.7981581,8.407,0.283,1.867,140.36731,19.50449257,1.754768706,24.63121643,100.495363,0.009135633,0.158823529
127,dr,ambientrain,Legume,fixer,11,41.70412351,23.41215556,34.88372093,3.57,4.268,2.396,10.234,2.744837209,0.417041235,0.01292157,0.353328173,-28.50796841,12.477,0.31,2.598,141.5287,19.4880257,1.73778596,24.59465819,87.80292974,0.014584599,0.317647059
128,dr,ambientrain,Legume,fixer,11,32.81329274,19.38102486,47.80568239,3.769,2.587,1.528,7.884,2.006056824,0.328132927,0.00989003,0.323561947,-29.94887863,9.6,0.27,2.143,169.06034,22.69594604,1.212799152,20.50362392,77.27815855,0.012562831,0.247058824
129,dr,ambientrain_water_nutrients,Legume,fixer,11,45.4723475,21.22003323,33.30761927,5.613,7.663,3.576,16.852,3.909076193,0.454723475,0.01060058,0.309853249,-29.57941331,10.16,0.147,3.777,143.44493,18.79724004,1.719278262,24.66217424,138.428784,0.014890193,0.329411765
130,dr,ambientrain_water_nutrients,Legume,fixer,8.5,40.50802994,24.92801843,34.56395163,5.402,6.331,3.896,15.629,4.241639516,0.405080299,0.01093136,0.335788562,-29.81789205,9.923,0.137,4.084,141.04981,24.34536337,1.372532603,19.3595458,104.5802664,0.015778517,0.282352941
131,dr,ambientrain_water_nutrients,Legume,fixer,10,40.86987779,25.31991373,33.81020848,4.703,5.685,3.522,13.91,3.860102085,0.408698778,0.01147232,0.350555081,-29.73739501,14.297,0.317,3.412,139.73593,25.01818913,1.329586291,18.57909793,87.37749756,0.01616136,0.347058824
132,dr,ambientrain_water_nutrients,Legume,fixer,12.5,35.19505601,23.9165701,40.88837389,5.293,4.556,3.096,12.945,3.504883739,0.35195056,0.01128904,0.385648148,-28.43628865,9.863,0.17,3.433,135.52269,20.41826506,1.687847283,22.87416025,121.0729302,0.014397358,0.352941176
133,dr,ambientrain_water,Legume,fixer,10,48.21582115,17.53009458,34.25408426,3.187,4.486,1.631,9.304,1.973540843,0.482158212,0.00803905,0.32860262,-30.04217286,12.307,0.17,3.729,133.53904,21.88373778,1.615731522,21.57632307,68.76374162,0.011241311,0.188235294
134,dr,ambientrain_water,Legume,fixer,7,50.92830034,12.20638014,36.86531952,3.594,4.965,1.19,9.749,1.558653195,0.509283003,0.00799511,0.355417957,-28.83273523,12.977,0.187,3.676,139.28763,23.16916245,1.469859752,20.47332823,73.58114166,0.014495808,0.2
135,dr,ambientrain_water,Legume,fixer,9,48.31967213,20.83606557,30.8442623,3.763,5.895,2.542,12.2,2.850442623,0.483196721,0.0100127,0.356023287,-29.51119234,12.193,0.2,3.284,125.94591,23.0485905,1.60293524,20.18831406,75.96862581,0.012704943,0.205882353
136,dr,ambientrain_water,Legume,fixer,9.5,46.41965029,19.49417152,34.08617818,3.275,4.46,1.873,9.608,2.213861782,0.464196503,0.00898884,0.337562052,-30.3013138,17.217,0.363,3.136,146.87647,24.61427464,1.290591348,18.95575021,62.08008194,0.012288765,0.205882353
137,dr,ambientrain_nutrients,Legume,fixer,10.5,51.08929648,20.4167743,28.49392922,3.309,5.933,2.371,11.613,2.655939292,0.510892965,0.00686285,0.401049475,-29.85227553,8.257,0.11,4.22,128.27757,19.08474404,1.90510171,24.43818182,80.86594364,0.013292527,0.258823529
138,dr,ambientrain_nutrients,Legume,fixer,8.5,54.59451243,19.35091586,26.05457171,3.428,7.183,2.546,13.157,2.806545717,0.545945124,0.00821543,0.325301205,-28.6618947,8.08,0.08,5.572,152.13759,17.62660841,1.78466858,27.15151814,93.07540418,0.014233387,0.235294118
140,dr,ambientrain_nutrients,Legume,fixer,9.5,47.94667047,21.64551547,30.40781406,4.265,6.725,3.036,14.026,3.340078141,0.479466705,0.00917681,0.326848249,-28.99916768,7.795,0.105,4.06,136.55967,20.29706605,1.700305779,23.21932006,99.03040006,0.016614939,0.347058824
145,to,ambientrain,nonlegume,nonfixer,5,73.55205892,4.21827921,22.22966187,0.664,2.197,0.126,2.987,0.348296619,0.735520589,0.00236324,0.372013652,-30.30895539,5.447,0.197,1.46,216.81101,27.11692944,0.771298782,16.72260672,11.10381086,0.005529454,0.035294118
146,to,ambientrain,nonlegume,nonfixer,6,76.35861222,3.530856617,20.11053116,0.655,2.487,0.115,3.257,0.316105312,0.763586122,0.0020843,0.383763838,-29.24035615,5.42,0.19,1.51,200.41346,26.96681749,0.848359293,17.00226226,11.13648178,0.001813537,0.011764706
147,to,ambientrain,nonlegume,nonfixer,5,67.53367394,5.712958662,26.75336739,0.576,1.454,0.123,2.153,0.390533674,0.675336739,0.00158521,0.40625,-29.87585956,6.71,0.207,1.757,174.1989,29.00827648,0.891375463,15.52766262,8.943933669,0.003958497,0.023529412
148,to,ambientrain,nonlegume,nonfixer,3,73.98601399,4.125874126,21.88811189,0.626,2.116,0.118,2.86,0.336881119,0.73986014,0.00237209,0.398026316,-31.08703623,7.31,0.273,1.678,196.0405,24.06148896,0.982125294,19.25363297,12.05277424,0.008154673,0.035294118
149,to,ambientrain_water_nutrients,nonlegume,nonfixer,5,68.5327405,5.699272433,25.76798707,1.275,3.391,0.282,4.948,0.539679871,0.685327405,0.00341351,0.416829746,-30.79402053,4.443,0.27,0.851,160.25869,26.05046636,1.091003821,17.48428382,22.29246187,0.007551222,0.052941176
150,to,ambientrain_water_nutrients,nonlegume,nonfixer,6,70.91744953,5.456725964,23.62582451,1.182,3.548,0.273,5.003,0.509258245,0.709174495,0.0044834,0.385542169,-29.98288321,4.453,0.167,1.196,175.13281,24.21029639,1.072860501,18.78930769,22.20896169,0.004770178,0.035294118
151,to,ambientrain_water_nutrients,nonlegume,nonfixer,4.5,71.01068488,4.957085304,24.03222981,1.372,4.054,0.283,5.709,0.523322298,0.710106849,0.00511923,0.382310984,-30.2041023,4.163,0.193,1.045,191.01604,27.96587814,0.850841987,16.2524471,22.29835742,0.00676899,0.041176471
152,to,ambientrain_water_nutrients,nonlegume,nonfixer,6,72.44302128,4.049726879,23.50725184,1.248,3.846,0.215,5.309,0.450072518,0.724430213,0.00453607,0.354632588,-29.98980237,4.64,0.19,1.193,204.32748,22.16846539,1.019755849,20.83641403,26.00384471,0.005406263,0.041176471
154,to,ambientrain_water,nonlegume,nonfixer,6,72.52286585,4.268292683,23.20884146,0.609,1.903,0.112,2.624,0.344088415,0.725228659,0.00171728,0.413385827,-30.60711376,6.197,0.22,1.543,163.55048,27.71427484,0.994344588,16.26255308,9.903894826,0.003384495,0.023529412
155,to,ambientrain_water,nonlegume,nonfixer,6,73.86772106,4.780733285,21.35154565,0.594,2.055,0.133,2.782,0.346515457,0.738677211,0.00180829,0.42578125,-30.30489205,6.18,0.247,1.438,165.89817,23.65631372,1.129886207,18.74460486,11.13429529,0.001813537,0.011764706
156,to,ambientrain_water,nonlegume,nonfixer,4.5,74.53695979,3.921241448,21.54179877,1.291,4.467,0.235,5.993,0.450417988,0.745369598,0.004025,0.397435897,-29.18805695,4.38,0.11,1.97,185.48387,26.51816656,0.944624582,17.5212624,22.61994976,0.00676899,0.041176471
157,to,ambientrain_nutrients,nonlegume,nonfixer,4.5,76.59279778,2.783933518,20.6232687,1.489,5.53,0.201,7.22,0.407232687,0.765927978,0.00352284,0.427509294,-30.50391787,4.3,0.14,1.949,153.16696,20.77882871,1.429454266,21.89451594,32.60093423,0.005198032,0.029411765
158,to,ambientrain_nutrients,nonlegume,nonfixer,5,75.63507842,4.241219351,20.12370223,1.822,6.848,0.384,9.054,0.585237022,0.756350784,0.00540203,0.374512354,-29.4295436,3.45,0.105,1.783,187.57049,19.71419214,1.248079146,23.41028122,42.65353238,0.006915137,0.047058824
159,to,ambientrain_nutrients,nonlegume,nonfixer,4.5,75.96141139,3.383110876,20.65547773,1.563,5.748,0.256,7.567,0.462554777,0.759614114,0.00606422,0.370106762,-29.76383552,3.865,0.08,2.771,194.36603,23.43510345,1.006996175,19.57258444,30.59194948,0.008154673,0.052941176