id,spcode,treatment,family,nfixer,init_height,rmf,smf,lmf,whole_leaf_dry_weight,root_dry_weight,stem_dry_weight,totalbiom,above_biom,below_biom,la,ldmc,d13c,sla_cm2_g,CN,Narea_g_m2,Nmass_mg_g,totalleafmass_Nmass
2,ec,Harvestatthebegging,Legume,fixer,18,37.6455368693402,27.6843467011643,34.6701164294955,0.268,0.291,0.214,0.773,0.560701164294955,0.376455368693402,0.00266348,0.284246575,-28.75512251,320.9012,11.7716960622539,1.18851985960848,38.13974549,10.22145179132
3,ec,Harvestatthebegging,Legume,fixer,13,44.4866920152091,17.4904942965779,38.0228136882129,0.3,0.351,0.138,0.789,0.518228136882129,0.444866920152091,0.00106837,0.319148936,-28.40474279,178.06167,11.821293487168,2.06592939562137,36.78628314,11.035884942
4,ec,Harvestatthebegging,Legume,fixer,22,23.7410071942446,32.8057553956834,43.4532374100719,0.302,0.165,0.228,0.695,0.662532374100719,0.237410071942446,0.00286388,0.307958478,-29.73064153,321.78427,12.4444410299699,1.1600323017375,37.3280147,11.2730604394
5,ec,ambientrain,Legume,fixer,17,42.42656449553,23.5759897828863,33.9974457215837,1.331,1.661,0.923,3.915,1.26297445721584,0.4242656449553,0.00424718,0.268041237,-29.52088396,233.36154,10.475077397201,2.01213976388568,46.95560309,62.49790771279
6,ec,ambientrain,Legume,fixer,25,47.6288987905792,26.1457670273711,26.2253341820496,1.648,2.993,1.643,6.284,1.9052533418205,0.476288987905792,0.00240549,0.326164875,-29.39493394,132.16978,10.8330390483844,3.47913594193283,45.98366328,75.78107708544
7,ec,ambientrain,Legume,fixer,14,56.0020696791997,17.1093480510521,26.8885822697482,1.559,3.247,0.992,5.798,1.26088582269748,0.560020696791997,0.00532261,0.313176321,-28.95119752,108.18313,10.2154881436044,4.49227114740325,48.59879539,75.76552201301
8,ec,ambientrain,Legume,fixer,16,48.716619134042,21.3119004407571,29.9714804252009,1.156,1.879,0.822,3.857,1.12171480425201,0.48716619134042,0.00197916,0.240112994,-29.91483595,232.84235,9.23463121864251,2.27554382098971,52.98429775,61.249848199
9,ec,ambientrain_water_nutrients,Legume,fixer,20.5,50.9248090068355,26.7591475673502,22.3160434258142,1.11,2.533,1.331,4.974,1.55416043425814,0.509248090068355,0.00142568,0.391975309,-30.2786471,112.25827,12.3604737008948,3.5077509203538,39.37740419,43.7089186509
10,ec,ambientrain_water_nutrients,Legume,fixer,21,58.6316838259714,18.7910993025573,22.5772168714713,3.399,8.827,2.829,15.055,3.05477216871471,0.586316838259714,0.00900788,0.282157676,-29.10112818,220.78137,10.6714251622802,2.11153903437435,46.61884862,158.45746645938
11,ec,ambientrain_water_nutrients,Legume,fixer,24,49.08092355974,24.3667339161623,26.5523425240977,2.369,4.379,2.174,8.922,2.43952342524098,0.4908092355974,0.00505577,0.267130089,-29.0963584,187.94684,9.52601647310314,2.67441194649677,50.26472746,119.07713935274
12,ec,ambientrain_water_nutrients,Legume,fixer,25.5,52.6238563783877,25.8329017780079,21.5432418436043,2.496,6.097,2.993,11.586,3.20843241843604,0.526238563783877,0.00525161,0.293444329,-28.80535816,93.11365,11.9216675756236,4.37825138776109,40.76749782,101.75567455872
13,ec,ambientrain_water,Legume,fixer,20,51.5054622968292,23.3546496136424,25.1398880895284,1.887,3.866,1.753,7.506,2.00439888089528,0.515054622968292,0.00193416,0.382284382,-29.4460249,117.93659,12.7427633503954,3.23083465252099,38.10336068,71.90104160316
14,ec,ambientrain_water,Legume,fixer,20,52.3973967326338,25.9264178509762,21.67618541639,1.632,3.945,1.952,7.529,2.1687618541639,0.523973967326338,0.00333823,0.392978482,-31.03808581,96.20259,13.9582194086065,3.51506348774051,33.81582244,55.18742222208
15,ec,ambientrain_water,Legume,fixer,23,53.923431984795,25.6720065164268,20.4045614987782,1.503,3.972,1.891,7.366,2.09504561498778,0.53923431984795,0.00350512,0.362030905,-30.47394266,106.86341,11.3379524237461,3.96368462630666,42.35728737,63.66300291711
16,ec,ambientrain_water,Legume,fixer,24.5,59.7216537044617,19.7025515077091,20.5757947878292,1.508,4.377,1.444,7.329,1.64975794787829,0.597216537044617,0.00331986,0.390572391,-29.71990504,95.39828,11.6974119966728,4.34430704071858,41.44394015,62.4974617462
17,ec,ambientrain_nutrients,Legume,fixer,24.5,59.5399515738499,21.638418079096,18.8216303470541,2.332,7.377,2.681,12.39,2.86921630347054,0.595399515738499,0.00325307,0.372279496,-28.14545799,100.09446,19.8301571461479,2.36906932766587,23.71307187,55.29888360084
18,ec,ambientrain_nutrients,Legume,fixer,13.5,48.2952717915729,17.9478932132518,33.7568349951753,2.099,3.003,1.116,6.218,1.45356834995175,0.482952717915729,0.00310978,0.328467153,-29.42725173,138.21244,10.8442815103843,3.21337830023346,44.41288698,93.22264977102
19,ec,ambientrain_nutrients,Legume,fixer,17,60.7564461012737,19.1596769182976,20.0838769804287,2.586,7.823,2.467,12.876,2.66783876980429,0.607564461012737,0.00478453,0.405299313,-29.02130117,115.84818,12.19041635143,3.41433273769628,39.55442473,102.28774235178
20,ec,ambientrain_nutrients,Legume,fixer,22,47.8467185961142,21.6492076282568,30.504073775629,3.407,5.344,2.418,11.169,2.72304073775629,0.478467185961142,0.00720167,0.364566929,-28.80306122,155.54363,10.5116941364674,3.03880505571763,47.26667647,161.03756673329
21,hc,Harvestatthebegging,Legume,nonfixer,21,29.1825095057034,28.8973384030418,41.9201520912548,0.441,0.307,0.304,1.052,0.723201520912548,0.291825095057034,0.00190337,0.349206349,-28.24961115,173.03364,24.0342018190264,1.19817039193641,20.73237799,9.14297869359
22,hc,Harvestatthebegging,Legume,nonfixer,36,24.001452432825,32.4255628177197,43.5729847494553,1.2,0.661,0.893,2.754,1.32872984749455,0.24001452432825,0.00403315,0.340659341,-29.75017197,144.55735,30.4277334329119,1.16611608345586,16.85706481,20.228477772
23,hc,Harvestatthebegging,Legume,nonfixer,33,25.0077857365307,27.810650887574,47.1815633758954,1.515,0.803,0.893,3.211,1.36481563375895,0.250077857365307,0.00361249,0.343703704,-28.71613733,155.71078,26.7409631036745,1.24094032689917,19.32277811,29.27400883665
24,hc,Harvestatthebegging,Legume,nonfixer,32,23.8636363636364,30.5555555555556,45.5808080808081,1.444,0.756,0.968,3.168,1.42380808080808,0.238636363636364,0.00357125,0.356184799,-27.41839131,149.42469,27.9664930341114,1.2997292820133,19.42116401,28.04416083044
25,hc,ambientrain,Legume,nonfixer,29,46.5666532420459,25.1711639146194,28.2621828433347,2.807,4.625,2.5,9.932,2.78262182843335,0.465666532420459,0.00285499,0.515734266,-29.08371594,96.77932,49.0327000282246,1.08532119457511,10.50366494,29.48378748658
26,hc,ambientrain,Legume,nonfixer,26,46.4141414141414,26.2626262626263,27.3232323232323,2.705,4.595,2.6,9.9,2.87323232323232,0.464141414141414,0.00241721,0.539714868,-28.03085412,91.21547,45.4948805957596,1.22903031375015,11.21065798,30.3248298359
27,hc,ambientrain,Legume,nonfixer,32,38.9022385228279,34.5516630833439,26.5460983938283,2.099,3.076,2.732,7.907,2.99746098393828,0.389022385228279,0.00248648,0.494023904,-30.82157032,100.26129,39.8393313221155,1.30367104771404,13.07077414,27.43555491986
28,hc,ambientrain,Legume,nonfixer,19,45.0115207373272,27.8341013824885,27.1543778801843,2.357,3.907,2.416,8.68,2.68754377880184,0.450115207373272,0.00313212,0.561020036,-28.00732325,101.69221,34.7693596449887,1.45786566954012,14.82535786,34.94336847602
29,hc,ambientrain_water_nutrients,Legume,nonfixer,24,45.0378180151272,23.7795095118038,31.182672473069,2.721,3.93,2.075,8.726,2.38682672473069,0.450378180151272,0.0033313,0.554733728,-29.25147951,88.83467,40.0717623833908,1.42586163997538,12.66659435,34.46580322635
30,hc,ambientrain_water_nutrients,Legume,nonfixer,25,51.8952879581152,22.5340314136126,25.5706806282723,2.442,4.956,2.152,9.55,2.40770680628272,0.518952879581152,0.00295571,0.518072289,-29.57024412,98.19635,32.5318140314541,1.61316504977146,15.84069126,38.68296805692
31,hc,ambientrain_water_nutrients,Legume,nonfixer,38,35.4330708661417,35.3074216786731,29.2595074551851,3.493,4.23,4.215,11.938,4.50759507455185,0.354330708661417,0.0036494,0.549100968,-27.05490679,91.92443,33.9951732192037,1.64819270072615,15.15091799,52.92215653907
32,hc,ambientrain_water_nutrients,Legume,nonfixer,32,48.460193141206,26.6443616455022,24.8954452132918,3.274,6.373,3.504,13.151,3.75295445213292,0.48460193141206,0.00445663,0.528994083,-29.95303635,99.70089,31.2272616680404,1.67003346301802,16.65038307,54.51335417118
33,hc,ambientrain_water,Legume,nonfixer,32,47.8091457138656,27.2974562564329,24.8933980297015,3.386,6.503,3.713,13.602,3.96193398029702,0.478091457138656,0.005127,0.47542735,-30.40483597,115.21348,41.0731070421836,1.09025398564463,12.56119592,42.53220938512
34,hc,ambientrain_water,Legume,nonfixer,28,41.451367781155,32.9407294832827,25.6079027355623,2.696,4.364,3.468,10.528,3.72407902735562,0.41451367781155,0.00271665,0.469945355,-28.67301783,105.29651,40.4205426345048,1.19607885439788,12.5942931,33.9542141976
35,hc,ambientrain_water,Legume,nonfixer,26,53.0531732418525,25.377358490566,21.5694682675815,2.515,6.186,2.959,11.66,3.17469468267581,0.530531732418525,0.00334359,0.478510029,-29.2921831,100.10749,31.598388934036,1.64397886582386,16.45745897,41.39050930955
36,hc,ambientrain_water,Legume,nonfixer,27,40.5405405405405,32.6654240447344,26.7940354147251,2.3,3.48,2.804,8.584,3.07194035414725,0.405405405405405,0.00266437,0.513238289,-28.97555843,105.72897,39.7415508501879,1.23092462122003,13.01443902,29.933209746
37,hc,ambientrain_nutrients,Legume,nonfixer,28,33.9112998348667,35.1615947157348,30.9271054493984,2.622,2.875,2.981,8.478,3.29027105449398,0.339112998348667,0.0025982,0.489361702,-30.06244178,102.69565,27.1428731992291,1.83981942176122,18.89414554,49.54044960588
38,hc,ambientrain_nutrients,Legume,nonfixer,31,54.5831981835874,24.0480051897502,21.3687966266623,3.294,8.414,3.707,15.415,3.92068796626662,0.545831981835874,0.00475141,0.524891775,-28.69758736,97.96722,29.2026005403514,1.80293593223906,17.66286148,58.18146571512
39,hc,ambientrain_nutrients,Legume,nonfixer,29,38.4183609829113,33.8405887489086,27.7410502681801,2.224,3.08,2.713,8.017,2.9904105026818,0.384183609829113,0.00282922,0.49471831,-28.71261277,100.68399,31.1966405215498,1.57922513388496,15.90026809,35.36219623216
40,hc,ambientrain_nutrients,Legume,nonfixer,27,42.5576301241264,29.2375091269427,28.2048607489308,2.704,4.08,2.803,9.587,3.08504860748931,0.425576301241264,0.00274951,0.547058824,-28.3375106,98.54875,32.1442316517518,1.61786279428698,15.94383488,43.11212951552
41,sg,Harvestatthebegging,nonlegume,nonfixer,11,31.9417475728155,16.4077669902913,51.6504854368932,0.532,0.329,0.169,1.03,0.685504854368932,0.319417475728155,0.00309599,0.231601732,-29.47432671,289.34486,19.7489155591354,0.824802179151095,23.86522709,12.69630081188
42,sg,Harvestatthebegging,nonlegume,nonfixer,9,25.8750857927248,17.7076183939602,56.417295813315,0.822,0.377,0.258,1.457,0.82217295813315,0.258750857927248,0.00326405,0.326241135,-28.92920513,177.39402,21.5797505115417,1.2286035891362,21.79469318,17.91523779396
43,sg,Harvestatthebegging,nonlegume,nonfixer,12,40.3648802736602,14.9372862029647,44.6978335233751,0.784,0.708,0.262,1.754,0.708978335233752,0.403648802736602,0.00313565,0.285714286,-27.94457795,184.45,18.4163643728884,1.37245890051504,25.31500442,19.84696346528
44,sg,Harvestatthebegging,nonlegume,nonfixer,12,35.4451119606772,17.203713817586,47.3511742217368,0.867,0.649,0.315,1.831,0.788511742217368,0.354451119606772,0.0030155,0.300934579,-28.29232966,187.29814,21.9333436504962,1.15476965106616,21.62862039,18.75201387813
45,sg,ambientrain,nonlegume,nonfixer,9.5,43.6398104265403,13.4407582938389,42.9194312796208,2.264,2.302,0.709,5.275,1.13819431279621,0.436398104265403,0.00461617,0.394543547,-29.20989432,122.77048,49.6992881835704,0.754098260124735,9.25810044,20.96033939616
46,sg,ambientrain,nonlegume,nonfixer,7,37.1322813169686,9.09799337619326,53.7697253068381,2.76,1.906,0.467,5.133,1.00469725306838,0.371322813169686,0.0039184,0.45035461,-29.42192067,102.84514,52.2442985424824,0.842768715450184,8.66746702,23.9222089752
47,sg,ambientrain,nonlegume,nonfixer,8.5,38.8985507246377,17.5652173913043,43.536231884058,0.751,0.671,0.303,1.725,0.73836231884058,0.388985507246377,0.00198826,0.295652174,-30.00182904,194.92745,30.8419190687892,0.764336113003329,14.89900902,11.18915577402
48,sg,ambientrain,nonlegume,nonfixer,13,40.7400622824693,13.8853269829639,45.3746107345668,2.477,2.224,0.758,5.459,1.21174610734567,0.407400622824693,0.00452874,0.413114754,-29.05556161,119.80794,51.0948074618942,0.742546692589992,8.8962987,22.0361318799
49,sg,ambientrain_water_nutrients,nonlegume,nonfixer,9,41.1179655042176,12.8918544630492,45.9901800327332,3.653,3.266,1.024,7.943,1.48390180032733,0.411179655042176,0.00455177,0.424669604,-29.71993304,94.43506,39.6128070140481,1.20757797362784,11.40377011,41.65797221183
50,sg,ambientrain_water_nutrients,nonlegume,nonfixer,8,35.6780631441191,13.1032226402748,51.2187142156061,3.131,2.181,0.801,6.113,1.31318714215606,0.356780631441191,0.00522997,0.402998236,-29.09833919,114.44136,37.0610769988008,1.07816562810877,12.33867372,38.63238741732
51,sg,ambientrain_water_nutrients,nonlegume,nonfixer,10,37.1657754010695,15.2554961378491,47.5787284610814,3.203,2.502,1.027,6.732,1.50278728461081,0.371657754010695,0.00343193,0.399224806,-29.63963116,111.0657,39.6386122058357,1.03000258075485,11.43979533,36.64166444199
52,sg,ambientrain_water_nutrients,nonlegume,nonfixer,11.5,31.2683823529412,15.8272058823529,52.9044117647059,2.878,1.701,0.861,5.44,1.39004411764706,0.312683823529412,0.00387228,0.421497585,-29.67303685,110.95358,39.0358441222151,1.03665904495543,11.5021034,33.1030535852
53,sg,ambientrain_water,nonlegume,nonfixer,10,38.5460053010223,14.9375236652783,46.5164710336994,2.457,2.036,0.789,5.282,1.25416471033699,0.385460053010223,0.00522984,0.394538606,-29.39757834,124.81718,52.9466928682795,0.698458072568186,8.71795696,21.42002025072
54,sg,ambientrain_water,nonlegume,nonfixer,7.5,36.4873351475822,13.1881934268369,50.3244714255809,2.404,1.743,0.63,4.777,1.13324471425581,0.364873351475822,0.00354047,0.436931079,-30.05049368,105.37113,53.7118657061071,0.797805373636834,8.40656545,20.2093833418
55,sg,ambientrain_water,nonlegume,nonfixer,11,32.4453551912568,17.3724954462659,50.1821493624772,2.204,1.425,0.763,4.392,1.26482149362477,0.324453551912568,0.00338721,0.46641791,-29.11799004,90.3256,48.0128563436189,1.04524325883249,9.44122245,20.8084542798
56,sg,ambientrain_water,nonlegume,nonfixer,10,42.2111553784861,13.9243027888446,43.8645418326693,2.202,2.119,0.699,5.02,1.13764541832669,0.422111553784861,0.00394133,0.416365824,-29.55671827,113.91127,48.0936859657749,0.827687023527591,9.42828814,20.76109048428
57,sg,ambientrain_nutrients,nonlegume,nonfixer,11,37.5747776879547,13.5974130962005,48.8278092158448,3.02,2.324,0.841,6.185,1.32927809215845,0.375747776879547,0.0037682,0.417783191,-29.81996337,109.86006,40.0843076994052,1.04533383895494,11.48404365,34.681811823
58,sg,ambientrain_nutrients,nonlegume,nonfixer,6.5,35.6690920594748,9.80702309395761,54.5238848465675,3.447,2.255,0.62,6.322,1.16523884846568,0.356690920594748,0.00483673,0.427374302,-29.66386174,105.37538,43.6482746101252,1.00242110095664,10.56305057,36.41083531479
59,sg,ambientrain_nutrients,nonlegume,nonfixer,8.5,41.0215903106898,10.7424960505529,48.2359136387572,3.664,3.116,0.816,7.596,1.29835913638757,0.410215903106898,0.00350496,0.43258427,-29.27191968,91.03792,40.3732167387897,1.23746834537341,11.26565468,41.27735874752
60,sg,ambientrain_nutrients,nonlegume,nonfixer,11,37.2810300943255,13.669711034586,49.0492588710885,3.276,2.49,0.913,6.679,1.40349258871088,0.372810300943255,0.00291498,0.433908046,-29.45471789,96.52252,45.1450284445115,1.06198595682303,10.25055571,33.58082050596
61,sm,Harvestatthebegging,nonlegume,nonfixer,15.5,29.310960371296,20.1356658336308,50.5533737950732,1.416,0.821,0.564,2.801,1.06953373795073,0.29310960371296,0.00527302,0.301866081,-30.12115245,191.74618,26.8622323176495,0.902032104420238,17.29612119,24.49130760504
62,sm,Harvestatthebegging,nonlegume,nonfixer,18,27.5659824046921,27.3900293255132,45.0439882697947,0.768,0.47,0.467,1.705,0.917439882697947,0.275659824046921,0.00411261,0.290132548,-31.10600034,208.76193,25.6295419708826,0.846738643883082,17.67667926,13.57568967168
63,sm,Harvestatthebegging,nonlegume,nonfixer,22.5,22.4060822898032,26.8336314847943,50.7602862254025,1.135,0.501,0.6,2.236,1.10760286225403,0.224060822898032,0.00478737,0.289325843,-29.96448007,232.3966,25.6749415449021,0.787438658186018,18.29980684,20.7702807634
65,sm,ambientrain,nonlegume,nonfixer,16,42.6984597156398,25.5035545023697,31.7979857819905,2.147,2.883,1.722,6.752,2.03997985781991,0.426984597156398,0.00195505,0.487252125,-31.03864229,113.6657,39.6479656902407,1.02379882568732,11.63708078,24.98481243466
66,sm,ambientrain,nonlegume,nonfixer,20,36.7603860679815,30.2839557980137,32.9556581340048,2.356,2.628,2.165,7.149,2.49455658134005,0.367603860679815,0.00448323,0.520754717,-30.1773513,108.29058,51.1919350002062,0.82144023365743,8.89542391,20.95761873196
67,sm,ambientrain,nonlegume,nonfixer,19.5,35.9499871100799,25.9474091260634,38.1026037638567,2.956,2.789,2.013,7.758,2.39402603763857,0.359499871100799,0.00411227,0.476377953,-31.15745383,113.28567,45.985260286773,0.904079339795296,10.24192382,30.27512681192
68,sm,ambientrain,nonlegume,nonfixer,23,35.3185185185185,34.9037037037037,29.7777777777778,2.01,2.384,2.356,6.75,2.65377777777778,0.353185185185185,0.00347268,0.443462898,-31.42805409,138.35378,50.7518347423417,0.659066881270373,9.11843975,18.3280638975
69,sm,ambientrain_water_nutrients,nonlegume,nonfixer,16.5,36.5269461077844,31.2312874251497,32.2417664670659,3.446,3.904,3.338,10.688,3.66041766467066,0.365269461077844,0.00663949,0.426443203,-31.60000629,144.96703,42.9210113230424,0.745480222480944,10.80700542,37.24094067732
70,sm,ambientrain_water_nutrients,nonlegume,nonfixer,12.5,33.8215888097123,25.8115597783056,40.3668514119821,3.059,2.563,1.956,7.578,2.35966851411982,0.338215888097123,0.00829421,0.435628743,-30.26292683,142.5122,34.7602347260956,0.926529559131008,13.20417652,40.39157597468
71,sm,ambientrain_water_nutrients,nonlegume,nonfixer,18,32.8807150223445,25.9367480233757,41.1825369542798,4.792,3.826,3.018,11.636,3.4298253695428,0.328807150223445,0.0063429,0.367807154,-29.49137823,134.09937,44.5859399681606,0.774945854653234,10.39197476,49.79834304992
72,sm,ambientrain_water_nutrients,nonlegume,nonfixer,14,33.4865594084141,24.2130508643949,42.300389727191,4.233,3.351,2.423,10.007,2.84600389727191,0.334865594084141,0.00887304,0.362669817,-31.0958042,144.51205,41.2502929158811,0.769787294347822,11.12435416,47.08939115928
73,sm,ambientrain_water,nonlegume,nonfixer,14,41.0609803666623,28.85190482382,30.0871148095176,2.314,3.158,2.219,7.691,2.51987114809518,0.410609803666623,0.00371382,0.416289593,-31.31987553,134.5587,52.4135426794904,0.662613328465031,8.91603852,20.63171313528
74,sm,ambientrain_water,nonlegume,nonfixer,17,37.6775103232954,34.2834122268104,28.0390774498943,2.784,3.741,3.404,9.929,3.68439077449894,0.376775103232954,0.00255213,0.458733205,-30.5437369,106.78368,63.6541748691059,0.67407408740934,7.1980113,20.0392634592
75,sm,ambientrain_water,nonlegume,nonfixer,16,36.7171861595653,31.9607282432561,31.3220855971785,3.286,3.852,3.353,10.491,3.66622085597179,0.367171861595653,0.00562645,0.574186992,-29.39396473,99.58319,46.0766640608989,1.02465476112824,10.20383855,33.5298134753
76,sm,ambientrain_water,nonlegume,nonfixer,20.5,38.7480328728799,29.5418779506907,31.7100891764294,3.627,4.432,3.379,11.438,3.69610089176429,0.387480328728799,0.00791947,0.386744355,-30.1405968,149.14256,56.798215211501,0.55419733396048,8.26544098,29.97875443446
77,sm,ambientrain_nutrients,nonlegume,nonfixer,7,40.1803968731209,17.9434756464221,41.876127480457,3.482,3.341,1.492,8.315,1.91076127480457,0.401803968731209,0.00664429,0.395348837,-30.65908949,126.07761,43.4631328248559,0.864946433957579,10.90503784,37.97134175888
78,sm,ambientrain_nutrients,nonlegume,nonfixer,19,36.7859260723463,27.4263688475983,35.7877050800553,3.621,3.722,2.775,10.118,3.13287705080055,0.367859260723463,0.00345531,0.382316314,-29.28782722,112.55081,39.4865717553835,1.0532174600716,11.85404828,42.92350882188
79,sm,ambientrain_nutrients,nonlegume,nonfixer,15,33.8659320477502,23.1221303948577,43.0119375573921,2.342,1.844,1.259,5.445,1.68911937557392,0.338659320477502,0.00709919,0.324937028,-30.73828173,183.4416,31.8919576293479,0.775420515286955,14.22443816,33.31363417072
80,sm,ambientrain_nutrients,nonlegume,nonfixer,15.5,44.648288973384,23.0228136882129,32.328897338403,3.401,4.697,2.422,10.52,2.74528897338403,0.44648288973384,0.01396633,0.412721186,-29.0226466,161.83465,28.1886820450499,1.04721933949076,16.94763717,57.63891401517
81,pq,Harvestatthebegging,nonlegume,nonfixer,8,37.4418604651163,24.8837209302326,37.6744186046512,0.162,0.161,0.107,0.43,0.483744186046512,0.374418604651163,0.00086093,0.295652174,-27.58703672,253.21471,15.6208717084086,1.1472160366348,29.04919713,4.70596993506
82,pq,Harvestatthebegging,nonlegume,nonfixer,10,49.9250374812594,20.9895052473763,29.0854572713643,0.194,0.333,0.14,0.667,0.430854572713643,0.499250374812594,0.00107669,0.209039548,-28.15528454,290.9973,11.7121015852721,1.32870888524088,38.66506945,7.5010234733
83,pq,Harvestatthebegging,nonlegume,nonfixer,11,42.7722772277228,24.3564356435644,32.8712871287129,0.332,0.432,0.246,1.01,0.574712871287129,0.427722772277228,0.00133514,0.223255814,-28.73754583,278.15417,15.6933536116602,1.03679748017436,28.83895391,9.57453269812
85,pq,ambientrain,nonlegume,nonfixer,9,57.3033707865169,19.1898285038439,23.5068007096393,0.795,1.938,0.649,3.382,0.884068007096393,0.573033707865169,0.00315354,0.320987654,-29.33605317,202.15,22.5836230333692,0.995621304971556,20.12648468,16.0005553206
86,pq,ambientrain,nonlegume,nonfixer,10,57.9267449896337,20.2073255010366,21.8659295093296,1.582,4.191,1.462,7.235,1.6806592950933,0.579267449896337,0.00397254,0.289873418,-29.09837198,173.47336,23.9441072488923,1.11969262405413,19.42368444,30.72826878408
87,pq,ambientrain,nonlegume,nonfixer,8,50.2722323049002,22.8473482556967,26.8804194394031,1.333,2.493,1.133,4.959,1.40180419439403,0.502722323049002,0.00358974,0.316558442,-29.43869736,184.08923,27.4737740563825,0.907080613582042,16.69837724,22.25893686092
88,pq,ambientrain,nonlegume,nonfixer,9.5,57.843137254902,18.266253869969,23.890608875129,1.389,3.363,1.062,5.814,1.30090608875129,0.57843137254902,0.00255897,0.382550336,-29.41714485,149.64737,23.3272799629788,1.31715892688074,19.71093672,27.37849110408
89,pq,ambientrain_water_nutrients,nonlegume,nonfixer,8.5,59.2919115589141,18.4298908480269,22.2781975930591,1.592,4.237,1.317,7.146,1.53978197593059,0.592919115589141,0.0057428,0.271497585,-30.07910129,204.37011,22.2554541552789,1.01506424245316,20.74487876,33.02584698592
90,pq,ambientrain_water_nutrients,nonlegume,nonfixer,10.5,55.0865051903114,19.4602076124567,25.4532871972318,1.839,3.98,1.406,7.225,1.66053287197232,0.550865051903114,0.00735935,0.294701987,-29.48443639,206.72331,23.6040124051089,0.951237869681426,19.66430454,36.16265604906
91,pq,ambientrain_water_nutrients,nonlegume,nonfixer,12,49.5391421899963,25.5868256114047,24.874032198599,2.024,4.031,2.082,8.137,2.33074032198599,0.495391421899963,0.00812469,0.330490405,-28.71757695,174.72452,23.6463155485529,1.1159880703633,19.49904756,39.46607226144
92,pq,ambientrain_water_nutrients,nonlegume,nonfixer,13,53.5804283914322,23.0680386392272,23.3515329693406,2.224,5.103,2.197,9.524,2.43051532969341,0.535804283914322,0.00548788,0.353219697,-29.28898655,147.12815,27.5881847118204,1.14866766656159,16.90013489,37.58589999536
94,pq,ambientrain_water,nonlegume,nonfixer,8,68.455765294519,14.8965203547874,16.6477143506937,0.732,3.01,0.655,4.397,0.821477143506937,0.68455765294519,0.00172765,0.282913165,-29.99999819,171.05446,25.2291170829358,1.08530566138396,18.56463689,13.58931420348
95,pq,ambientrain_water,nonlegume,nonfixer,9.5,40.7991940899933,17.0584284754869,42.1423774345198,1.255,1.215,0.508,2.978,0.929423774345198,0.407991940899933,0.00193497,0.324404762,-29.22949759,177.52018,30.8385033817129,0.813445808043536,14.44030491,18.12258266205
96,pq,ambientrain_water,nonlegume,nonfixer,12,51.7102615694165,24.4802146210597,23.8095238095238,0.355,0.771,0.365,1.491,0.603095238095238,0.517102615694165,0.00161297,0.25304878,-29.64901316,194.33373,22.2109004380482,1.11069690482154,21.58458779,7.66252866545
97,pq,ambientrain_nutrients,nonlegume,nonfixer,10.5,48.5130420335604,24.007310184416,27.4796477820236,1.654,2.92,1.445,6.019,1.71979647782024,0.485130420335604,0.00501207,0.296928328,-29.84014171,192.03333,23.613969746904,1.02091201926749,19.60491381,32.42652744174
98,pq,ambientrain_nutrients,nonlegume,nonfixer,7.5,42.4210891432536,18.5570586194936,39.0218522372529,1.125,1.223,0.535,2.883,0.925218522372529,0.424210891432536,0.00559258,0.271714922,-28.6209808,229.2041,19.2334766883662,1.03049837672774,23.61944513,26.57187577125
99,pq,ambientrain_nutrients,nonlegume,nonfixer,7.5,49.0716180371353,19.9551112017956,30.9732707610692,1.518,2.405,0.978,4.901,1.28773270761069,0.490716180371353,0.0055902,0.296228151,-28.11755881,173.6087,19.0439862413704,1.38160776048084,23.98591212,36.41061459816
100,pq,ambientrain_nutrients,nonlegume,nonfixer,9,49.9739628536712,23.3466412081236,26.6793959382052,1.537,2.879,1.345,5.761,1.61179395938205,0.499739628536712,0.0031838,0.300775194,-28.51291803,164.1134,22.3781308661194,1.19543967911929,19.61876727,30.15404529399
101,gs,Harvestatthebegging,Legume,fixer,16,69.4688922610015,8.83156297420334,21.6995447647951,0.715,2.289,0.291,3.295,0.507995447647951,0.694688922610015,0.00466038,0.190426639,-28.87582969,254.66557,14.8160513656906,1.19505535276737,30.43394571,21.76027118265
102,gs,Harvestatthebegging,Legume,fixer,19.5,50.5900266463647,21.4693566806243,27.940616673011,0.734,1.329,0.564,2.627,0.84340616673011,0.505900266463647,0.00462994,0.213572854,-29.41664492,216.35234,14.9079877735824,1.37806452934163,29.81474807,21.88402508338
103,gs,Harvestatthebegging,Legume,fixer,23,40.0228050171038,25.3705815279361,34.6066134549601,0.607,0.702,0.445,1.754,0.791066134549601,0.400228050171038,0.00357978,0.198221093,-29.9975562,229.47308,16.407272998885,1.18857991297789,27.27470898,16.55574835086
104,gs,Harvestatthebegging,Legume,fixer,20.5,58.4615384615385,18.2167832167832,23.3216783216783,0.667,1.672,0.521,2.86,0.754216783216783,0.584615384615385,0.00364154,0.212792128,-28.6997668,210.49364,12.9793517630419,1.66442845639482,35.0351607,23.3684521869
105,gs,ambientrain,Legume,fixer,12.5,63.6542526054952,16.5731360687997,19.7726113257051,2.713,8.734,2.274,13.721,2.47172611325705,0.636542526054952,0.00831459,0.288708298,-30.02107136,123.17911,12.6429153215863,3.14427464613409,38.7308956,105.0769197628
106,gs,ambientrain,Legume,fixer,13,58.3846518237802,20.3221222169588,21.293225959261,1.798,4.93,1.716,8.444,1.92893225959261,0.583846518237802,0.0040991,0.240646259,-28.77400064,144.84452,18.2559887651805,1.76561392146081,25.57395062,45.98196321476
107,gs,ambientrain,Legume,fixer,20,51.39951399514,26.9372693726937,21.6632166321663,2.407,5.711,2.993,11.111,3.20963216632166,0.5139951399514,0.00703572,0.271523179,-28.13491318,143.00244,17.9995465407828,1.84192419232147,26.3399652,63.4002962364
108,gs,ambientrain,Legume,fixer,19,66.6813768755516,18.9232127096205,14.3954104148279,1.631,7.555,2.144,11.33,2.28795410414828,0.666813768755516,0.0050489,0.264822134,-27.6046769,150.71343,20.2897912917354,1.5151440585177,22.83525623,37.24430291113
109,gs,ambientrain_water_nutrients,Legume,fixer,17.5,56.8192325473879,21.2821698258591,21.898597626753,4.263,11.061,4.143,19.467,4.36198597626753,0.568192325473879,0.01134191,0.268707483,-27.3125962,159.52053,17.2004752752735,1.68341301520555,26.85389439,114.47815178457
110,gs,ambientrain_water_nutrients,Legume,fixer,17.5,44.3057176196033,26.8669778296383,28.8273045507585,4.941,7.594,4.605,17.14,4.89327304550759,0.443057176196033,0.00995339,0.259945925,-28.46728759,147.89584,15.7269629950278,1.97399343307155,29.1945416,144.2502300456
111,gs,ambientrain_water_nutrients,Legume,fixer,16.5,49.3042876030977,24.7812126172637,25.9144997796386,4.116,7.831,3.936,15.883,4.19514499779639,0.493042876030977,0.00771056,0.25572306,-27.11504451,168.35284,15.6447153001533,1.75956230893476,29.62273091,121.92716042556
112,gs,ambientrain_water_nutrients,Legume,fixer,14.5,44.9291435613062,25.452865064695,29.6179913739988,4.807,7.292,4.131,16.23,4.42717991373999,0.449291435613062,0.00982282,0.296666667,-27.17835799,137.96096,17.6649459436733,1.90286649069005,26.25212784,126.19397852688
113,gs,ambientrain_water,Legume,fixer,15.5,58.0119624038735,24.9615494161208,17.0264881800057,2.989,10.184,4.382,17.555,4.55226488180006,0.580119624038735,0.0061778,0.257159556,-28.52319972,140.40455,16.6358758553195,1.96840464747969,27.63729598,82.60787768422
114,gs,ambientrain_water,Legume,fixer,16,61.7052233376982,18.2307580387022,20.0640186235996,2.758,8.482,2.506,13.746,2.706640186236,0.617052233376982,0.00594895,0.269469331,-27.72655872,152.14706,18.8119461745456,1.61122832472453,24.51436507,67.61061886306
115,gs,ambientrain_water,Legume,fixer,15.5,57.4854932301741,20.9090909090909,21.605415860735,3.351,8.916,3.243,15.51,3.45905415860735,0.574854932301741,0.00818567,0.328545781,-27.41167842,111.82609,20.487465269567,2.00690894752415,22.44247864,75.20474592264
117,gs,ambientrain_nutrients,Legume,fixer,12.5,53.5661328588375,21.0112692763938,25.4225978647687,3.429,7.225,2.834,13.488,3.08822597864769,0.535661328588375,0.0100953,0.328424153,-27.84814935,150.90135,15.5446124501958,1.97296058775965,29.77224069,102.08901332601
118,gs,ambientrain_nutrients,Legume,fixer,17.5,75.672278338945,11.4657687991021,12.8619528619529,2.865,16.856,2.554,22.275,2.68261952861953,0.75672278338945,0.00996229,0.268405553,-27.52771884,156.14875,13.5040117557111,2.21885217137224,34.64709843,99.26393700195
119,gs,ambientrain_nutrients,Legume,fixer,13.5,60.1434365998471,18.9818352830521,20.8747281171007,3.551,10.231,3.229,17.011,3.43774728117101,0.601434365998471,0.00628784,0.29205298,-26.65897719,142.58141,13.6786413709923,2.40034329967525,34.22443223,121.53095884873
120,gs,ambientrain_nutrients,Legume,fixer,21,54.0892086330935,29.3294964028777,16.5812949640288,2.881,9.398,5.096,17.375,5.26181294964029,0.540892086330935,0.00900645,0.286731063,-27.95153886,159.68883,13.5528377177868,2.14598818750562,34.26903424,98.72908764544
121,dr,Harvestatthebegging,Legume,fixer,9.5,30.2222222222222,20,49.7777777777778,0.224,0.136,0.09,0.45,0.587777777777778,0.302222222222222,0.00215497,0.226044226,-29.61803491,234.23587,20.0695730713088,0.986263324352543,23.10182474,5.17480874176
122,dr,Harvestatthebegging,Legume,fixer,5.5,36.7088607594937,13.0801687763713,50.210970464135,0.119,0.087,0.031,0.237,0.53310970464135,0.367088607594937,0.00076632,0.157407407,-30.93514241,450.77647,16.6858302007931,0.61998947668076,27.94766681,3.32577235039
123,dr,Harvestatthebegging,Legume,fixer,9.5,29.8165137614679,21.1009174311927,49.0825688073394,0.214,0.13,0.092,0.436,0.582825688073395,0.298165137614679,0.00232276,0.247222222,-30.62811159,260.98427,19.9693839008912,0.896124280601526,23.38743409,5.00491089526
124,dr,Harvestatthebegging,Legume,fixer,9,26.6233766233766,17.5324675324675,55.8441558441558,0.258,0.123,0.081,0.462,0.639441558441558,0.266233766233766,0.00080515,0.181818182,-29.01130906,365.97727,20.3641776064226,0.635019884617773,23.24028455,5.9959934139
126,dr,ambientrain,Legume,fixer,11.5,33.109243697479,17.9111644657863,48.9795918367347,4.08,2.758,1.492,8.33,1.98179591836735,0.33109243697479,0.00871681,0.332619175,-28.7981581,140.36731,19.5044925680108,1.75476870587176,24.63121643,100.4953630344
127,dr,ambientrain,Legume,fixer,11,41.7041235098691,23.4121555598984,34.8837209302326,3.57,4.268,2.396,10.234,2.74483720930233,0.417041235098691,0.01292157,0.353328173,-28.50796841,141.5287,19.4880257044955,1.73778596002421,24.59465819,87.8029297383
128,dr,ambientrain,Legume,fixer,11,32.8132927447996,19.3810248604769,47.8056823947235,3.769,2.587,1.528,7.884,2.00605682394723,0.328132927447996,0.00989003,0.323561947,-29.94887863,169.06034,22.695946039377,1.21279915159004,20.50362392,77.27815855448
129,dr,ambientrain_water_nutrients,Legume,fixer,11,45.4723474958462,21.2200332304771,33.3076192736767,5.613,7.663,3.576,16.852,3.90907619273677,0.454723474958462,0.01060058,0.309853249,-29.57941331,143.44493,18.7972400360431,1.71927826244979,24.66217424,138.42878400912
130,dr,ambientrain_water_nutrients,Legume,fixer,8.5,40.5080299443343,24.9280184272826,34.5639516283831,5.402,6.331,3.896,15.629,4.24163951628383,0.405080299443343,0.01093136,0.335788562,-29.81789205,141.04981,24.3453633659112,1.3725326029881,19.3595458,104.5802664116
131,dr,ambientrain_water_nutrients,Legume,fixer,10,40.8698777857656,25.3199137311287,33.8102084831057,4.703,5.685,3.522,13.91,3.86010208483106,0.408698777857656,0.01147232,0.350555081,-29.73739501,139.73593,25.018189125827,1.32958629122357,18.57909793,87.37749756479
132,dr,ambientrain_water_nutrients,Legume,fixer,12.5,35.19505600618,23.9165701042874,40.8883738895326,5.293,4.556,3.096,12.945,3.50488373889533,0.3519505600618,0.01128904,0.385648148,-28.43628865,135.52269,20.4182650595884,1.68784728269631,22.87416025,121.07293020325
133,dr,ambientrain_water,Legume,fixer,10,48.2158211521926,17.5300945829751,34.2540842648323,3.187,4.486,1.631,9.304,1.97354084264832,0.482158211521926,0.00803905,0.32860262,-30.04217286,133.53904,21.8837377790525,1.61573152152804,21.57632307,68.76374162409
134,dr,ambientrain_water,Legume,fixer,7,50.9283003384963,12.206380141553,36.8653195199508,3.594,4.965,1.19,9.749,1.55865319519951,0.509283003384963,0.00799511,0.355417957,-28.83273523,139.28763,23.1691624474093,1.46985975227608,20.47332823,73.58114165862
135,dr,ambientrain_water,Legume,fixer,9,48.3196721311475,20.8360655737705,30.844262295082,3.763,5.895,2.542,12.2,2.85044262295082,0.483196721311475,0.0100127,0.356023287,-29.51119234,125.94591,23.0485905022621,1.60293524001518,20.18831406,75.96862580778
136,dr,ambientrain_water,Legume,fixer,9.5,46.4196502914238,19.4941715237302,34.086178184846,3.275,4.46,1.873,9.608,2.21386178184846,0.464196502914238,0.00898884,0.337562052,-30.3013138,146.87647,24.6142746359813,1.29059134755096,18.95575021,62.08008193775
137,dr,ambientrain_nutrients,Legume,fixer,10.5,51.0892964780849,20.4167743046586,28.4939292172565,3.309,5.933,2.371,11.613,2.65593929217257,0.510892964780849,0.00686285,0.401049475,-29.85227553,128.27757,19.0847440384581,1.90510171047014,24.43818182,80.86594364238
138,dr,ambientrain_nutrients,Legume,fixer,8.5,54.594512426845,19.3509158622786,26.0545717108763,3.428,7.183,2.546,13.157,2.80654571710876,0.54594512426845,0.00821543,0.325301205,-28.6618947,152.13759,17.6266084103392,1.78466858041515,27.15151814,93.07540418392
139,dr,ambientrain_nutrients,Legume,fixer,11,32.0734551107656,18.8690244850369,49.0575204041974,5.049,3.301,1.942,10.292,2.43257520404197,0.320734551107656,0.00728692,0.253555968,-29.84155836,177.72976,15.5643920108514,1.73055069029165,30.75703521,155.29227077529
140,dr,ambientrain_nutrients,Legume,fixer,9.5,47.9466704691288,21.6455154712676,30.4078140596036,4.265,6.725,3.036,14.026,3.34007814059604,0.479466704691288,0.00917681,0.326848249,-28.99916768,136.55967,20.2970660502623,1.70030577949418,23.21932006,99.0304000559
142,to,Harvestatthebegging,nonlegume,nonfixer,6.5,60.6896551724138,11.0344827586207,28.2758620689655,0.123,0.264,0.048,0.435,0.330758620689655,0.606896551724138,0.00061843,0.27027027,-28.37679097,309.215,11.6321413472745,1.23201273709231,38.09568185,4.68576886755
144,to,Harvestatthebegging,nonlegume,nonfixer,7.5,52.2222222222222,10,37.7777777777778,0.17,0.235,0.045,0.45,0.422777777777778,0.522222222222222,0.00091707,0.25,-29.38857576,327.525,15.2482604582864,0.911578177543699,29.85646426,5.0755989242
145,to,ambientrain,nonlegume,nonfixer,5,73.5520589219953,4.21827920990961,22.2296618680951,0.664,2.197,0.126,2.987,0.348296618680951,0.735520589219953,0.00236324,0.372013652,-30.30895539,216.81101,27.1169294352693,0.771298781537212,16.72260672,11.10381086208
146,to,ambientrain,nonlegume,nonfixer,6,76.3586122198342,3.53085661651827,20.1105311636475,0.655,2.487,0.115,3.257,0.316105311636475,0.763586122198342,0.0020843,0.383763838,-29.24035615,200.41346,26.9668174910272,0.848359293307106,17.00226226,11.1364817803
147,to,ambientrain,nonlegume,nonfixer,5,67.5336739433349,5.71295866233163,26.7533673943335,0.576,1.454,0.123,2.153,0.390533673943335,0.675336739433349,0.00158521,0.40625,-29.87585956,174.1989,29.0082764755485,0.891375463452792,15.52766262,8.94393366912
148,to,ambientrain,nonlegume,nonfixer,3,73.986013986014,4.12587412587413,21.8881118881119,0.626,2.116,0.118,2.86,0.336881118881119,0.73986013986014,0.00237209,0.398026316,-31.08703623,196.0405,24.0614889575305,0.982125294305865,19.25363297,12.05277423922
149,to,ambientrain_water_nutrients,nonlegume,nonfixer,5,68.5327405012126,5.69927243330639,25.767987065481,1.275,3.391,0.282,4.948,0.53967987065481,0.685327405012126,0.00341351,0.416829746,-30.79402053,160.25869,26.0504663610522,1.09100382118699,17.48428382,22.2924618705
150,to,ambientrain_water_nutrients,nonlegume,nonfixer,6,70.9174495302818,5.45672596442135,23.6258245052968,1.182,3.548,0.273,5.003,0.509258245052968,0.709174495302818,0.0044834,0.385542169,-29.98288321,175.13281,24.2102963879879,1.07286050065575,18.78930769,22.20896168958
151,to,ambientrain_water_nutrients,nonlegume,nonfixer,4.5,71.0106848835173,4.95708530390611,24.0322298125766,1.372,4.054,0.283,5.709,0.523322298125766,0.710106848835172,0.00511923,0.382310984,-30.2041023,191.01604,27.9658781415138,0.850841986548759,16.2524471,22.2983574212
152,to,ambientrain_water_nutrients,nonlegume,nonfixer,6,72.443021284611,4.04972687888491,23.507251836504,1.248,3.846,0.215,5.309,0.45007251836504,0.72443021284611,0.00453607,0.354632588,-29.98980237,204.32748,22.1684653863638,1.01975584915136,20.83641403,26.00384470944
154,to,ambientrain_water,nonlegume,nonfixer,6,72.5228658536585,4.26829268292683,23.2088414634146,0.609,1.903,0.112,2.624,0.344088414634146,0.725228658536585,0.00171728,0.413385827,-30.60711376,163.55048,27.7142748363592,0.994344587603652,16.26255308,9.90389482572
155,to,ambientrain_water,nonlegume,nonfixer,6,73.8677210639828,4.78073328540618,21.3515456506111,0.594,2.055,0.133,2.782,0.346515456506111,0.738677210639827,0.00180829,0.42578125,-30.30489205,165.89817,23.6563137186345,1.12988620726764,18.74460486,11.13429528684
156,to,ambientrain_water,nonlegume,nonfixer,4.5,74.5369597864175,3.92124144835642,21.5417987652261,1.291,4.467,0.235,5.993,0.450417987652261,0.745369597864175,0.004025,0.397435897,-29.18805695,185.48387,26.5181665620167,0.944624581565217,17.5212624,22.6199497584
157,to,ambientrain_nutrients,nonlegume,nonfixer,4.5,76.5927977839335,2.78393351800554,20.6232686980609,1.489,5.53,0.201,7.22,0.407232686980609,0.765927977839335,0.00352284,0.427509294,-30.50391787,153.16696,20.7788287097431,1.42945426593317,21.89451594,32.60093423466
158,to,ambientrain_nutrients,nonlegume,nonfixer,5,75.6350784183786,4.24121935056329,20.1237022310581,1.822,6.848,0.384,9.054,0.585237022310581,0.756350784183786,0.00540203,0.374512354,-29.4295436,187.57049,19.7141921433099,1.24807914642458,23.41028122,42.65353238284
159,to,ambientrain_nutrients,nonlegume,nonfixer,4.5,75.9614113915687,3.38311087617286,20.6554777322585,1.563,5.748,0.256,7.567,0.462554777322585,0.759614113915687,0.00606422,0.370106762,-29.76383552,194.36603,23.4351034481985,1.00699617515196,19.57258444,30.59194947972
160,to,ambientrain_nutrients,nonlegume,nonfixer,5,74.6163268246992,4.19338569061172,21.1902874846891,2.941,10.356,0.582,13.879,0.793902874846891,0.746163268246992,0.00983267,0.396472393,-29.0473801,190.18704,25.7641693853925,0.947591984256565,18.02197152,53.00261824032
